id,file,url
tt0111161,D:\T\Documents\VSCode\js\media\top250\douban\douban-1.html,https://movie.douban.com/subject/1292052
tt0106332,D:\T\Documents\VSCode\js\media\top250\douban\douban-2.html,https://movie.douban.com/subject/1291546
tt0109830,D:\T\Documents\VSCode\js\media\top250\douban\douban-3.html,https://movie.douban.com/subject/1292720
tt0120338,D:\T\Documents\VSCode\js\media\top250\douban\douban-4.html,https://movie.douban.com/subject/1292722
tt0110413,D:\T\Documents\VSCode\js\media\top250\douban\douban-5.html,https://movie.douban.com/subject/1295644
tt0245429,D:\T\Documents\VSCode\js\media\top250\douban\douban-6.html,https://movie.douban.com/subject/1291561
tt0118799,D:\T\Documents\VSCode\js\media\top250\douban\douban-7.html,https://movie.douban.com/subject/1292063
tt0816692,D:\T\Documents\VSCode\js\media\top250\douban\douban-8.html,https://movie.douban.com/subject/1889243
tt0108052,D:\T\Documents\VSCode\js\media\top250\douban\douban-9.html,https://movie.douban.com/subject/1295124
tt1375666,D:\T\Documents\VSCode\js\media\top250\douban\douban-10.html,https://movie.douban.com/subject/3541415
tt0120382,D:\T\Documents\VSCode\js\media\top250\douban\douban-11.html,https://movie.douban.com/subject/1292064
tt1028532,D:\T\Documents\VSCode\js\media\top250\douban\douban-12.html,https://movie.douban.com/subject/3011091
tt0120731,D:\T\Documents\VSCode\js\media\top250\douban\douban-13.html,https://movie.douban.com/subject/1292001
tt1187043,D:\T\Documents\VSCode\js\media\top250\douban\douban-14.html,https://movie.douban.com/subject/3793023
tt0372824,D:\T\Documents\VSCode\js\media\top250\douban\douban-15.html,https://movie.douban.com/subject/1291549
tt0910970,D:\T\Documents\VSCode\js\media\top250\douban\douban-16.html,https://movie.douban.com/subject/2131459
tt2948356,D:\T\Documents\VSCode\js\media\top250\douban\douban-17.html,https://movie.douban.com/subject/25662329
tt0338564,D:\T\Documents\VSCode\js\media\top250\douban\douban-18.html,https://movie.douban.com/subject/1307914
tt0051201,D:\T\Documents\VSCode\js\media\top250\douban\douban-19.html,https://movie.douban.com/subject/1296141
tt0114996,D:\T\Documents\VSCode\js\media\top250\douban\douban-20.html,https://movie.douban.com/subject/1292213
tt2070649,D:\T\Documents\VSCode\js\media\top250\douban\douban-21.html,https://movie.douban.com/subject/5912992
tt0068646,D:\T\Documents\VSCode\js\media\top250\douban\douban-22.html,https://movie.douban.com/subject/1291841
tt1675434,D:\T\Documents\VSCode\js\media\top250\douban\douban-23.html,https://movie.douban.com/subject/6786002
tt0454921,D:\T\Documents\VSCode\js\media\top250\douban\douban-24.html,https://movie.douban.com/subject/1849031
tt0093389,D:\T\Documents\VSCode\js\media\top250\douban\douban-25.html,https://movie.douban.com/subject/1293172
tt0096283,D:\T\Documents\VSCode\js\media\top250\douban\douban-26.html,https://movie.douban.com/subject/1291560
tt2380307,D:\T\Documents\VSCode\js\media\top250\douban\douban-27.html,https://movie.douban.com/subject/20495023
tt0817177,D:\T\Documents\VSCode\js\media\top250\douban\douban-28.html,https://movie.douban.com/subject/3319755
tt0110081,D:\T\Documents\VSCode\js\media\top250\douban\douban-29.html,https://movie.douban.com/subject/1292365
tt0468569,D:\T\Documents\VSCode\js\media\top250\douban\douban-30.html,https://movie.douban.com/subject/1851857
tt0241527,D:\T\Documents\VSCode\js\media\top250\douban\douban-31.html,https://movie.douban.com/subject/1295038
tt0167260,D:\T\Documents\VSCode\js\media\top250\douban\douban-32.html,https://movie.douban.com/subject/1291552
tt7362036,D:\T\Documents\VSCode\js\media\top250\douban\douban-33.html,https://movie.douban.com/subject/26752088
tt0031381,D:\T\Documents\VSCode\js\media\top250\douban\douban-34.html,https://movie.douban.com/subject/1300267
tt1049413,D:\T\Documents\VSCode\js\media\top250\douban\douban-35.html,https://movie.douban.com/subject/2129039
tt3153634,D:\T\Documents\VSCode\js\media\top250\douban\douban-36.html,https://movie.douban.com/subject/21937452
tt0347149,D:\T\Documents\VSCode\js\media\top250\douban\douban-37.html,https://movie.douban.com/subject/1308807
tt0050083,D:\T\Documents\VSCode\js\media\top250\douban\douban-38.html,https://movie.douban.com/subject/1293182
tt8267604,D:\T\Documents\VSCode\js\media\top250\douban\douban-39.html,https://movie.douban.com/subject/30170448
tt5074352,D:\T\Documents\VSCode\js\media\top250\douban\douban-40.html,https://movie.douban.com/subject/26387939
tt1533117,D:\T\Documents\VSCode\js\media\top250\douban\douban-41.html,https://movie.douban.com/subject/3742360
tt0092067,D:\T\Documents\VSCode\js\media\top250\douban\douban-42.html,https://movie.douban.com/subject/1291583
tt0264464,D:\T\Documents\VSCode\js\media\top250\douban\douban-43.html,https://movie.douban.com/subject/1305487
tt0245929,D:\T\Documents\VSCode\js\media\top250\douban\douban-44.html,https://movie.douban.com/subject/1291858
tt0454876,D:\T\Documents\VSCode\js\media\top250\douban\douban-45.html,https://movie.douban.com/subject/1929463
tt3700392,D:\T\Documents\VSCode\js\media\top250\douban\douban-46.html,https://movie.douban.com/subject/25958717
tt0253474,D:\T\Documents\VSCode\js\media\top250\douban\douban-47.html,https://movie.douban.com/subject/1296736
tt0112778,D:\T\Documents\VSCode\js\media\top250\douban\douban-48.html,https://movie.douban.com/subject/1299398
tt0167261,D:\T\Documents\VSCode\js\media\top250\douban\douban-49.html,https://movie.douban.com/subject/1291572
tt0105323,D:\T\Documents\VSCode\js\media\top250\douban\douban-50.html,https://movie.douban.com/subject/1298624
tt0046250,D:\T\Documents\VSCode\js\media\top250\douban\douban-51.html,https://movie.douban.com/subject/1293839
tt0097165,D:\T\Documents\VSCode\js\media\top250\douban\douban-52.html,https://movie.douban.com/subject/1291548
tt6966692,D:\T\Documents\VSCode\js\media\top250\douban\douban-53.html,https://movie.douban.com/subject/27060077
tt0095765,D:\T\Documents\VSCode\js\media\top250\douban\douban-54.html,https://movie.douban.com/subject/1291828
tt0059855,D:\T\Documents\VSCode\js\media\top250\douban\douban-55.html,https://movie.douban.com/subject/1418019
tt0120737,D:\T\Documents\VSCode\js\media\top250\douban\douban-56.html,https://movie.douban.com/subject/1291571
tt0133093,D:\T\Documents\VSCode\js\media\top250\douban\douban-57.html,https://movie.douban.com/subject/1291843
tt0071562,D:\T\Documents\VSCode\js\media\top250\douban\douban-58.html,https://movie.douban.com/subject/1299131
tt0110357,D:\T\Documents\VSCode\js\media\top250\douban\douban-59.html,https://movie.douban.com/subject/1301753
tt3404140,D:\T\Documents\VSCode\js\media\top250\douban\douban-60.html,https://movie.douban.com/subject/21937445
tt0111797,D:\T\Documents\VSCode\js\media\top250\douban\douban-61.html,https://movie.douban.com/subject/1291818
tt0137523,D:\T\Documents\VSCode\js\media\top250\douban\douban-62.html,https://movie.douban.com/subject/1292000
tt0268978,D:\T\Documents\VSCode\js\media\top250\douban\douban-63.html,https://movie.douban.com/subject/1306029
tt0421715,D:\T\Documents\VSCode\js\media\top250\douban\douban-64.html,https://movie.douban.com/subject/1485260
tt0914798,D:\T\Documents\VSCode\js\media\top250\douban\douban-65.html,https://movie.douban.com/subject/3008247
tt0405094,D:\T\Documents\VSCode\js\media\top250\douban\douban-66.html,https://movie.douban.com/subject/1900841
tt0113703,D:\T\Documents\VSCode\js\media\top250\douban\douban-67.html,https://movie.douban.com/subject/1292220
tt0120735,D:\T\Documents\VSCode\js\media\top250\douban\douban-68.html,https://movie.douban.com/subject/1293350
tt0213847,D:\T\Documents\VSCode\js\media\top250\douban\douban-69.html,https://movie.douban.com/subject/1292402
tt4857264,D:\T\Documents\VSCode\js\media\top250\douban\douban-70.html,https://movie.douban.com/subject/26580232
tt0059742,D:\T\Documents\VSCode\js\media\top250\douban\douban-71.html,https://movie.douban.com/subject/1294408
tt0499549,D:\T\Documents\VSCode\js\media\top250\douban\douban-72.html,https://movie.douban.com/subject/1652587
tt0120815,D:\T\Documents\VSCode\js\media\top250\douban\douban-73.html,https://movie.douban.com/subject/1292849
tt1201607,D:\T\Documents\VSCode\js\media\top250\douban\douban-74.html,https://movie.douban.com/subject/3011235
tt0073486,D:\T\Documents\VSCode\js\media\top250\douban\douban-75.html,https://movie.douban.com/subject/1292224
tt0118849,D:\T\Documents\VSCode\js\media\top250\douban\douban-76.html,https://movie.douban.com/subject/1303021
tt0102926,D:\T\Documents\VSCode\js\media\top250\douban\douban-77.html,https://movie.douban.com/subject/1293544
tt2278388,D:\T\Documents\VSCode\js\media\top250\douban\douban-78.html,https://movie.douban.com/subject/11525673
tt1130884,D:\T\Documents\VSCode\js\media\top250\douban\douban-79.html,https://movie.douban.com/subject/2334904
tt0373074,D:\T\Documents\VSCode\js\media\top250\douban\douban-80.html,https://movie.douban.com/subject/1291543
tt0289879,D:\T\Documents\VSCode\js\media\top250\douban\douban-81.html,https://movie.douban.com/subject/1292343
tt0482571,D:\T\Documents\VSCode\js\media\top250\douban\douban-82.html,https://movie.douban.com/subject/1780330
tt0304141,D:\T\Documents\VSCode\js\media\top250\douban\douban-83.html,https://movie.douban.com/subject/1291544
tt0119217,D:\T\Documents\VSCode\js\media\top250\douban\douban-84.html,https://movie.douban.com/subject/1292656
tt1313104,D:\T\Documents\VSCode\js\media\top250\douban\douban-85.html,https://movie.douban.com/subject/3442220
tt1683526,D:\T\Documents\VSCode\js\media\top250\douban\douban-86.html,https://movie.douban.com/subject/5322596
tt0110912,D:\T\Documents\VSCode\js\media\top250\douban\douban-87.html,https://movie.douban.com/subject/1291832
tt0118845,D:\T\Documents\VSCode\js\media\top250\douban\douban-88.html,https://movie.douban.com/subject/1292679
tt0027977,D:\T\Documents\VSCode\js\media\top250\douban\douban-89.html,https://movie.douban.com/subject/1294371
tt0087843,D:\T\Documents\VSCode\js\media\top250\douban\douban-90.html,https://movie.douban.com/subject/1292262
tt0188766,D:\T\Documents\VSCode\js\media\top250\douban\douban-91.html,https://movie.douban.com/subject/1302425
tt0309698,D:\T\Documents\VSCode\js\media\top250\douban\douban-92.html,https://movie.douban.com/subject/1297192
tt0353969,D:\T\Documents\VSCode\js\media\top250\douban\douban-93.html,https://movie.douban.com/subject/1300299
tt0114369,D:\T\Documents\VSCode\js\media\top250\douban\douban-94.html,https://movie.douban.com/subject/1292223
tt0851578,D:\T\Documents\VSCode\js\media\top250\douban\douban-95.html,https://movie.douban.com/subject/1865703
tt0325980,D:\T\Documents\VSCode\js\media\top250\douban\douban-96.html,https://movie.douban.com/subject/1298070
tt0295297,D:\T\Documents\VSCode\js\media\top250\douban\douban-97.html,https://movie.douban.com/subject/1296996
tt0244316,D:\T\Documents\VSCode\js\media\top250\douban\douban-98.html,https://movie.douban.com/subject/1292434
tt2106476,D:\T\Documents\VSCode\js\media\top250\douban\douban-99.html,https://movie.douban.com/subject/6985810
tt0108289,D:\T\Documents\VSCode\js\media\top250\douban\douban-100.html,https://movie.douban.com/subject/1306249
tt2659414,D:\T\Documents\VSCode\js\media\top250\douban\douban-101.html,https://movie.douban.com/subject/10777687
tt0768120,D:\T\Documents\VSCode\js\media\top250\douban\douban-102.html,https://movie.douban.com/subject/1787291
tt5726616,D:\T\Documents\VSCode\js\media\top250\douban\douban-103.html,https://movie.douban.com/subject/26799731
tt0388795,D:\T\Documents\VSCode\js\media\top250\douban\douban-104.html,https://movie.douban.com/subject/1418834
tt1345836,D:\T\Documents\VSCode\js\media\top250\douban\douban-105.html,https://movie.douban.com/subject/3395373
tt0099487,D:\T\Documents\VSCode\js\media\top250\douban\douban-106.html,https://movie.douban.com/subject/1292370
tt0112471,D:\T\Documents\VSCode\js\media\top250\douban\douban-107.html,https://movie.douban.com/subject/1296339
tt1069238,D:\T\Documents\VSCode\js\media\top250\douban\douban-108.html,https://movie.douban.com/subject/2149806
tt0112573,D:\T\Documents\VSCode\js\media\top250\douban\douban-109.html,https://movie.douban.com/subject/1294639
tt0167404,D:\T\Documents\VSCode\js\media\top250\douban\douban-110.html,https://movie.douban.com/subject/1297630
tt0109424,D:\T\Documents\VSCode\js\media\top250\douban\douban-111.html,https://movie.douban.com/subject/1291999
tt2245084,D:\T\Documents\VSCode\js\media\top250\douban\douban-112.html,https://movie.douban.com/subject/11026735
tt0119698,D:\T\Documents\VSCode\js\media\top250\douban\douban-113.html,https://movie.douban.com/subject/1297359
tt0117905,D:\T\Documents\VSCode\js\media\top250\douban\douban-114.html,https://movie.douban.com/subject/1305164
tt0381681,D:\T\Documents\VSCode\js\media\top250\douban\douban-115.html,https://movie.douban.com/subject/1291990
tt0199683,D:\T\Documents\VSCode\js\media\top250\douban\douban-116.html,https://movie.douban.com/subject/1293359
tt1568921,D:\T\Documents\VSCode\js\media\top250\douban\douban-117.html,https://movie.douban.com/subject/4202302
tt2267998,D:\T\Documents\VSCode\js\media\top250\douban\douban-118.html,https://movie.douban.com/subject/21318488
tt0211915,D:\T\Documents\VSCode\js\media\top250\douban\douban-119.html,https://movie.douban.com/subject/1292215
tt0111786,D:\T\Documents\VSCode\js\media\top250\douban\douban-120.html,https://movie.douban.com/subject/1291875
tt0107808,D:\T\Documents\VSCode\js\media\top250\douban\douban-121.html,https://movie.douban.com/subject/1300992
tt3474600,D:\T\Documents\VSCode\js\media\top250\douban\douban-122.html,https://movie.douban.com/subject/25814705
tt0408664,D:\T\Documents\VSCode\js\media\top250\douban\douban-123.html,https://movie.douban.com/subject/1292337
tt6751668,D:\T\Documents\VSCode\js\media\top250\douban\douban-124.html,https://movie.douban.com/subject/27010768
tt0093978,D:\T\Documents\VSCode\js\media\top250\douban\douban-125.html,https://movie.douban.com/subject/1297447
tt2194499,D:\T\Documents\VSCode\js\media\top250\douban\douban-126.html,https://movie.douban.com/subject/10577869
tt0113824,D:\T\Documents\VSCode\js\media\top250\douban\douban-127.html,https://movie.douban.com/subject/1297052
tt3474602,D:\T\Documents\VSCode\js\media\top250\douban\douban-128.html,https://movie.douban.com/subject/25814707
tt0362227,D:\T\Documents\VSCode\js\media\top250\douban\douban-129.html,https://movie.douban.com/subject/1292274
tt0892769,D:\T\Documents\VSCode\js\media\top250\douban\douban-130.html,https://movie.douban.com/subject/2353023
tt0156887,D:\T\Documents\VSCode\js\media\top250\douban\douban-131.html,https://movie.douban.com/subject/1395091
tt4080728,D:\T\Documents\VSCode\js\media\top250\douban\douban-132.html,https://movie.douban.com/subject/26628357
tt0330373,D:\T\Documents\VSCode\js\media\top250\douban\douban-133.html,https://movie.douban.com/subject/1309055
tt0099674,D:\T\Documents\VSCode\js\media\top250\douban\douban-134.html,https://movie.douban.com/subject/1294240
tt0198781,D:\T\Documents\VSCode\js\media\top250\douban\douban-135.html,https://movie.douban.com/subject/1291579
tt2061702,D:\T\Documents\VSCode\js\media\top250\douban\douban-136.html,https://movie.douban.com/subject/5989818
tt0414387,D:\T\Documents\VSCode\js\media\top250\douban\douban-137.html,https://movie.douban.com/subject/1418200
tt0435761,D:\T\Documents\VSCode\js\media\top250\douban\douban-138.html,https://movie.douban.com/subject/1858711
tt2625030,D:\T\Documents\VSCode\js\media\top250\douban\douban-139.html,https://movie.douban.com/subject/10437779
tt5700672,D:\T\Documents\VSCode\js\media\top250\douban\douban-140.html,https://movie.douban.com/subject/25986180
tt1323594,D:\T\Documents\VSCode\js\media\top250\douban\douban-141.html,https://movie.douban.com/subject/3287562
tt1853728,D:\T\Documents\VSCode\js\media\top250\douban\douban-142.html,https://movie.douban.com/subject/6307447
tt0978762,D:\T\Documents\VSCode\js\media\top250\douban\douban-143.html,https://movie.douban.com/subject/3072124
tt1590089,D:\T\Documents\VSCode\js\media\top250\douban\douban-144.html,https://movie.douban.com/subject/4268598
tt0354770,D:\T\Documents\VSCode\js\media\top250\douban\douban-145.html,https://movie.douban.com/subject/1307315
tt1395030,D:\T\Documents\VSCode\js\media\top250\douban\douban-146.html,https://movie.douban.com/subject/1461403
tt0319061,D:\T\Documents\VSCode\js\media\top250\douban\douban-147.html,https://movie.douban.com/subject/1291545
tt0110201,D:\T\Documents\VSCode\js\media\top250\douban\douban-148.html,https://movie.douban.com/subject/1297518
tt0107156,D:\T\Documents\VSCode\js\media\top250\douban\douban-149.html,https://movie.douban.com/subject/1303037
tt0108074,D:\T\Documents\VSCode\js\media\top250\douban\douban-150.html,https://movie.douban.com/subject/1316510
tt2084970,D:\T\Documents\VSCode\js\media\top250\douban\douban-151.html,https://movie.douban.com/subject/10463953
tt1677720,D:\T\Documents\VSCode\js\media\top250\douban\douban-152.html,https://movie.douban.com/subject/4920389
tt0808357,D:\T\Documents\VSCode\js\media\top250\douban\douban-153.html,https://movie.douban.com/subject/1828115
tt0277027,D:\T\Documents\VSCode\js\media\top250\douban\douban-154.html,https://movie.douban.com/subject/1306861
tt1937339,D:\T\Documents\VSCode\js\media\top250\douban\douban-155.html,https://movie.douban.com/subject/4917726
tt0118694,D:\T\Documents\VSCode\js\media\top250\douban\douban-156.html,https://movie.douban.com/subject/1291557
tt2096673,D:\T\Documents\VSCode\js\media\top250\douban\douban-157.html,https://movie.douban.com/subject/10533913
tt2119532,D:\T\Documents\VSCode\js\media\top250\douban\douban-158.html,https://movie.douban.com/subject/26325320
tt0047478,D:\T\Documents\VSCode\js\media\top250\douban\douban-159.html,https://movie.douban.com/subject/1295399
tt2990738,D:\T\Documents\VSCode\js\media\top250\douban\douban-160.html,https://movie.douban.com/subject/21360417
tt0054215,D:\T\Documents\VSCode\js\media\top250\douban\douban-161.html,https://movie.douban.com/subject/1293181
tt0242653,D:\T\Documents\VSCode\js\media\top250\douban\douban-162.html,https://movie.douban.com/subject/1302467
tt5311514,D:\T\Documents\VSCode\js\media\top250\douban\douban-163.html,https://movie.douban.com/subject/26683290
tt0387564,D:\T\Documents\VSCode\js\media\top250\douban\douban-164.html,https://movie.douban.com/subject/1417598
tt5027774,D:\T\Documents\VSCode\js\media\top250\douban\douban-165.html,https://movie.douban.com/subject/26611804
tt0790636,D:\T\Documents\VSCode\js\media\top250\douban\douban-166.html,https://movie.douban.com/subject/1793929
tt0481499,D:\T\Documents\VSCode\js\media\top250\douban\douban-167.html,https://movie.douban.com/subject/1907966
tt4078856,D:\T\Documents\VSCode\js\media\top250\douban\douban-168.html,https://movie.douban.com/subject/25917973
tt0440963,D:\T\Documents\VSCode\js\media\top250\douban\douban-169.html,https://movie.douban.com/subject/1578507
tt0092263,D:\T\Documents\VSCode\js\media\top250\douban\douban-170.html,https://movie.douban.com/subject/1297574
tt0317248,D:\T\Documents\VSCode\js\media\top250\douban\douban-171.html,https://movie.douban.com/subject/1292208
tt0087544,D:\T\Documents\VSCode\js\media\top250\douban\douban-172.html,https://movie.douban.com/subject/1291585
tt0101020,D:\T\Documents\VSCode\js\media\top250\douban\douban-173.html,https://movie.douban.com/subject/1295409
tt0395169,D:\T\Documents\VSCode\js\media\top250\douban\douban-174.html,https://movie.douban.com/subject/1291822
tt3756788,D:\T\Documents\VSCode\js\media\top250\douban\douban-175.html,https://movie.douban.com/subject/25895901
tt2209418,D:\T\Documents\VSCode\js\media\top250\douban\douban-176.html,https://movie.douban.com/subject/10808442
tt0120689,D:\T\Documents\VSCode\js\media\top250\douban\douban-177.html,https://movie.douban.com/subject/1300374
tt0209144,D:\T\Documents\VSCode\js\media\top250\douban\douban-178.html,https://movie.douban.com/subject/1304447
tt7286456,D:\T\Documents\VSCode\js\media\top250\douban\douban-179.html,https://movie.douban.com/subject/27119724
tt0843270,D:\T\Documents\VSCode\js\media\top250\douban\douban-180.html,https://movie.douban.com/subject/1862151
tt1602572,D:\T\Documents\VSCode\js\media\top250\douban\douban-181.html,https://movie.douban.com/subject/3792799
tt0045152,D:\T\Documents\VSCode\js\media\top250\douban\douban-182.html,https://movie.douban.com/subject/1293460
tt0109235,D:\T\Documents\VSCode\js\media\top250\douban\douban-183.html,https://movie.douban.com/subject/1307856
tt0093132,D:\T\Documents\VSCode\js\media\top250\douban\douban-184.html,https://movie.douban.com/subject/1959195
tt0062622,D:\T\Documents\VSCode\js\media\top250\douban\douban-185.html,https://movie.douban.com/subject/1292226
tt3011894,D:\T\Documents\VSCode\js\media\top250\douban\douban-186.html,https://movie.douban.com/subject/24750126
tt2948372,D:\T\Documents\VSCode\js\media\top250\douban\douban-187.html,https://movie.douban.com/subject/24733428
tt8075192,D:\T\Documents\VSCode\js\media\top250\douban\douban-188.html,https://movie.douban.com/subject/27622447
tt0369060,D:\T\Documents\VSCode\js\media\top250\douban\douban-189.html,https://movie.douban.com/subject/1307106
tt1772341,D:\T\Documents\VSCode\js\media\top250\douban\douban-190.html,https://movie.douban.com/subject/6534248
tt2582802,D:\T\Documents\VSCode\js\media\top250\douban\douban-191.html,https://movie.douban.com/subject/25773932
tt0268380,D:\T\Documents\VSCode\js\media\top250\douban\douban-192.html,https://movie.douban.com/subject/1291578
tt1187064,D:\T\Documents\VSCode\js\media\top250\douban\douban-193.html,https://movie.douban.com/subject/3011051
tt1010048,D:\T\Documents\VSCode\js\media\top250\douban\douban-194.html,https://movie.douban.com/subject/2209573
tt0109688,D:\T\Documents\VSCode\js\media\top250\douban\douban-195.html,https://movie.douban.com/subject/1292328
tt0101985,D:\T\Documents\VSCode\js\media\top250\douban\douban-196.html,https://movie.douban.com/subject/1292329
tt0097814,D:\T\Documents\VSCode\js\media\top250\douban\douban-197.html,https://movie.douban.com/subject/1307811
tt0825232,D:\T\Documents\VSCode\js\media\top250\douban\douban-198.html,https://movie.douban.com/subject/1867345
tt0388473,D:\T\Documents\VSCode\js\media\top250\douban\douban-199.html,https://movie.douban.com/subject/1310177
tt7010412,D:\T\Documents\VSCode\js\media\top250\douban\douban-200.html,https://movie.douban.com/subject/27059130
tt1734113,D:\T\Documents\VSCode\js\media\top250\douban\douban-201.html,https://movie.douban.com/subject/4848115
tt0314331,D:\T\Documents\VSCode\js\media\top250\douban\douban-202.html,https://movie.douban.com/subject/1292401
tt0947798,D:\T\Documents\VSCode\js\media\top250\douban\douban-203.html,https://movie.douban.com/subject/1978709
tt0386651,D:\T\Documents\VSCode\js\media\top250\douban\douban-204.html,https://movie.douban.com/subject/1308857
tt0021749,D:\T\Documents\VSCode\js\media\top250\douban\douban-205.html,https://movie.douban.com/subject/1293908
tt0945513,D:\T\Documents\VSCode\js\media\top250\douban\douban-206.html,https://movie.douban.com/subject/3075287
tt0095953,D:\T\Documents\VSCode\js\media\top250\douban\douban-207.html,https://movie.douban.com/subject/1291870
tt4034228,D:\T\Documents\VSCode\js\media\top250\douban\douban-208.html,https://movie.douban.com/subject/25980443
tt0332280,D:\T\Documents\VSCode\js\media\top250\douban\douban-209.html,https://movie.douban.com/subject/1309163
tt1859438,D:\T\Documents\VSCode\js\media\top250\douban\douban-210.html,https://movie.douban.com/subject/4739952
tt1727824,D:\T\Documents\VSCode\js\media\top250\douban\douban-211.html,https://movie.douban.com/subject/5300054
tt0212720,D:\T\Documents\VSCode\js\media\top250\douban\douban-212.html,https://movie.douban.com/subject/1302827
tt0106559,D:\T\Documents\VSCode\js\media\top250\douban\douban-213.html,https://movie.douban.com/subject/1303394
tt0060474,D:\T\Documents\VSCode\js\media\top250\douban\douban-214.html,https://movie.douban.com/subject/1296909
tt0103064,D:\T\Documents\VSCode\js\media\top250\douban\douban-215.html,https://movie.douban.com/subject/1291844
tt1392190,D:\T\Documents\VSCode\js\media\top250\douban\douban-216.html,https://movie.douban.com/subject/3592854
tt0042876,D:\T\Documents\VSCode\js\media\top250\douban\douban-217.html,https://movie.douban.com/subject/1291879
tt0103074,D:\T\Documents\VSCode\js\media\top250\douban\douban-218.html,https://movie.douban.com/subject/1291992
tt0105859,D:\T\Documents\VSCode\js\media\top250\douban\douban-219.html,https://movie.douban.com/subject/1292287
tt0095327,D:\T\Documents\VSCode\js\media\top250\douban\douban-220.html,https://movie.douban.com/subject/1293318
tt0119177,D:\T\Documents\VSCode\js\media\top250\douban\douban-221.html,https://movie.douban.com/subject/1300117
tt0876563,D:\T\Documents\VSCode\js\media\top250\douban\douban-222.html,https://movie.douban.com/subject/1959877
tt0361748,D:\T\Documents\VSCode\js\media\top250\douban\douban-223.html,https://movie.douban.com/subject/1438652
tt11219254,D:\T\Documents\VSCode\js\media\top250\douban\douban-224.html,https://movie.douban.com/subject/34874432
tt2866360,D:\T\Documents\VSCode\js\media\top250\douban\douban-225.html,https://movie.douban.com/subject/25807345
tt2543472,D:\T\Documents\VSCode\js\media\top250\douban\douban-226.html,https://movie.douban.com/subject/26787574
tt3783958,D:\T\Documents\VSCode\js\media\top250\douban\douban-227.html,https://movie.douban.com/subject/25934014
tt0087301,D:\T\Documents\VSCode\js\media\top250\douban\douban-228.html,https://movie.douban.com/subject/1297880
tt3843282,D:\T\Documents\VSCode\js\media\top250\douban\douban-229.html,https://movie.douban.com/subject/26430107
tt0234215,D:\T\Documents\VSCode\js\media\top250\douban\douban-230.html,https://movie.douban.com/subject/1304141
tt0450259,D:\T\Documents\VSCode\js\media\top250\douban\douban-231.html,https://movie.douban.com/subject/1428175
tt0399295,D:\T\Documents\VSCode\js\media\top250\douban\douban-232.html,https://movie.douban.com/subject/1419936
tt0926084,D:\T\Documents\VSCode\js\media\top250\douban\douban-233.html,https://movie.douban.com/subject/2051007
tt1087578,D:\T\Documents\VSCode\js\media\top250\douban\douban-234.html,https://movie.douban.com/subject/2222996
tt3170832,D:\T\Documents\VSCode\js\media\top250\douban\douban-235.html,https://movie.douban.com/subject/25724855
tt0033238,D:\T\Documents\VSCode\js\media\top250\douban\douban-236.html,https://movie.douban.com/subject/1293964
tt3659388,D:\T\Documents\VSCode\js\media\top250\douban\douban-237.html,https://movie.douban.com/subject/25864085
tt0291350,D:\T\Documents\VSCode\js\media\top250\douban\douban-238.html,https://movie.douban.com/subject/1307394
tt0372183,D:\T\Documents\VSCode\js\media\top250\douban\douban-239.html,https://movie.douban.com/subject/1308767
tt0359950,D:\T\Documents\VSCode\js\media\top250\douban\douban-240.html,https://movie.douban.com/subject/2133323
tt0373889,D:\T\Documents\VSCode\js\media\top250\douban\douban-241.html,https://movie.douban.com/subject/1457217
tt0878804,D:\T\Documents\VSCode\js\media\top250\douban\douban-242.html,https://movie.douban.com/subject/3552028
tt0101258,D:\T\Documents\VSCode\js\media\top250\douban\douban-243.html,https://movie.douban.com/subject/1305690
tt0258463,D:\T\Documents\VSCode\js\media\top250\douban\douban-244.html,https://movie.douban.com/subject/1304102
tt4633694,D:\T\Documents\VSCode\js\media\top250\douban\douban-245.html,https://movie.douban.com/subject/26374197
tt0976051,D:\T\Documents\VSCode\js\media\top250\douban\douban-246.html,https://movie.douban.com/subject/2213597
tt0110322,D:\T\Documents\VSCode\js\media\top250\douban\douban-247.html,https://movie.douban.com/subject/1295865
tt1980929,D:\T\Documents\VSCode\js\media\top250\douban\douban-248.html,https://movie.douban.com/subject/6874403
tt0396171,D:\T\Documents\VSCode\js\media\top250\douban\douban-249.html,https://movie.douban.com/subject/1760622
tt0066921,D:\T\Documents\VSCode\js\media\top250\douban\douban-250.html,https://movie.douban.com/subject/1292233
